id,年份,题号,题型,主考点,相关考点(背诵P/精讲P)
2010-1,2010,1,single,抢劫罪,抢劫罪=140/424 | 属地管辖=None/9 | 普遍管辖=None/21
2010-2,2010,2,single,拐卖儿童罪,
2010-3,2010,3,single,疏忽大意的过失,疏忽大意的过失=27/87 | 危害结果=17/51 | 犯罪主体=20/65 | 犯罪构成=13/33 | 不可抗力=24/84
2010-4,2010,4,single,工程重大安全事故罪,工程重大安全事故罪=None/None | 犯罪主体=20/65 | 单位犯罪=22/72
2010-5,2010,5,single,拐卖妇女儿童罪,拐卖妇女儿童罪=132/395 | 犯罪未遂=34/126 | 犯罪中止=35/130 | 犯罪预备=33/123 | 着手=None/None
2010-6,2010,6,single,故意杀人罪,故意杀人罪=126/370 | 共同犯罪=37/139 | 危害行为=16/45 | 犯罪构成=13/33
2010-7,2010,7,single,量刑,量刑=58/213 | 刑罚=47/195
2010-8,2010,8,multi,限制加重原则,限制加重原则=69/234 | 无期徒刑=52/201 | 吸收原则=69/234 | 有期徒刑=52/201 | 并科原则=69/234 | 附加刑=50/204 | 拘役=52/200 | 死刑=53/202 | 主刑=None/199 | 管制=51/199
2010-9,2010,9,single,以危险方法危害公共安全罪,以危险方法危害公共安全罪=94/282 | 故意毁坏财物罪=144/459 | 破坏交通设施罪=95/287 | 破坏交通工具罪=94/284
2010-10,2010,10,single,伪造货币罪,伪造货币罪=111/335
2010-11,2010,11,single,报复陷害罪,报复陷害罪=137/413 | 侮辱罪=130/410 | 诽谤罪=136/None | 犯罪主体=20/65
2010-12,2010,12,single,招摇撞骗罪,招摇撞骗罪=149/471 | 诈骗罪=141/444
2010-13,2010,13,single,侵占罪,信用卡诈骗罪=117/346 | 诈骗罪=141/444 | 侵占罪=142/455 | 盗窃罪=141/436
2010-14,2010,14,single,脱逃罪,脱逃罪=161/511 | 缓刑=70/236 | 刑罚=47/195
2010-15,2010,15,single,强令违章冒险作业罪,以危险方法危害公共安全罪=94/282 | 强令违章冒险作业罪=None/None | 重大责任事故罪=102/308 | 过失致人死亡罪=127/374 | 有期徒刑=52/201 | 拘役=52/200
2010-16,2010,16,single,贪污罪,贪污罪=172/546 | 盗窃罪=141/436 | 数罪并罚=67/232
2010-17,2010,17,single,投放危险物质罪,投放危险物质罪=94/280 | 故意伤害罪=127/375 | 故意杀人罪=126/370 | 爆炸罪=93/279 | 放火罪=93/276 | 间接故意=25/81
2010-18,2010,18,single,受贿罪,受贿罪=174/554 | 共同犯罪=37/139 | 犯罪集团=None/152 | 犯罪主体=20/65
2010-19,2010,19,single,间谍罪,故意泄露国家秘密罪=180/572 | 侵犯商业秘密罪=121/360 | 间谍罪=91/272
2010-20,2010,20,single,逃税罪,故意伤害罪=127/375 | 逃税罪=118/351 | 抗税罪=118/354
2010-21,2010,21,multi,挪用公款罪,挪用特定款物罪=None/554 | 挪用公款罪=173/551
2010-22,2010,22,multi,故意杀人罪,故意伤害罪=127/375 | 故意杀人罪=126/370 | 抢劫罪=140/424 | 数罪并罚=67/232 | 罪数=41/165
2010-23,2010,23,multi,虚开增值税专用发票罪,虚开增值税专用发票罪=None/None
2010-24,2010,24,multi,侵犯商业秘密罪,侵犯商业秘密罪=121/360
2010-25,2010,25,multi,拐卖妇女儿童罪,拐卖妇女儿童罪=132/395 | 职务侵占罪=143/457 | 聚众斗殴罪=155/466 | 徇私枉法罪=None/None | 招摇撞骗罪=149/471 | 行贿罪=176/564 | 贪污罪=172/546 | 赌博罪=157/498 | 受贿罪=174/554 | 诈骗罪=141/444 | 侵占罪=142/455 | 盗窃罪=141/436 | 犯罪主观方面=23/79 | 犯罪客观方面=186/45 | 想象竞合犯=189/169 | 防卫过当=30/107 | 数罪并罚=67/232 | 共同犯罪=37/139 | 直接故意=25/80 | 犯罪客体=14/39 | 犯罪集团=None/152 | 犯罪主体=20/65 | 正当防卫=29/101 | 犯罪构成=13/33 | 牵连犯=192/183 | 从犯=39/156 | 主犯=39/153 | 刑罚=47/195
2011-1,2011,1,single,刑法的空间效力,刑法的空间效力=8/None | 属地管辖=None/9
2011-2,2011,2,single,交通肇事罪,交通肇事罪=95/289
2011-3,2011,3,single,过于自信的过失,过于自信的过失=27/88 | 疏忽大意的过失=27/87 | 直接故意=25/80 | 危害结果=17/51 | 间接故意=25/81
2011-4,2011,4,single,从旧兼从轻,从旧兼从轻=185/None | 溯及力=185/23
2011-5,2011,5,single,防卫过当,防卫过当=30/107 | 刑事责任=19/191 | 正当防卫=29/101
2011-6,2011,6,single,绑架罪,绑架罪=132/392 | 无期徒刑=52/201 | 有期徒刑=52/201 | 减刑=72/242 | 拘役=52/200 | 立功=66/228 | 累犯=62/218 | 缓刑=70/236 | 假释=75/246 | 管制=51/199
2011-7,2011,7,single,共同犯罪,共同犯罪=37/139 | 一般自首=63/226 | 自首=62/221
2011-8,2011,8,single,牵连犯,牵连犯=192/183 | 罪数=41/165
2011-9,2011,9,single,数罪并罚,数罪并罚=67/232 | 无期徒刑=52/201 | 吸收原则=69/234 | 有期徒刑=52/201 | 并科原则=69/234 | 附加刑=50/204 | 拘役=52/200 | 死刑=53/202 | 主刑=None/199 | 罪数=41/165 | 刑罚=47/195 | 管制=51/199
2011-10,2011,10,single,罪数,罪数=41/165
2011-11,2011,11,single,数罪并罚,数罪并罚=67/232 | 罪数=41/165
2011-12,2011,12,single,共同犯罪,盗窃罪=141/436 | 刑事责任年龄=20/63 | 刑事责任=19/191 | 共同犯罪=37/139 | 从犯=39/156 | 主犯=39/153
2011-13,2011,13,single,过于自信的过失,过于自信的过失=27/88 | 疏忽大意的过失=27/87 | 刑事责任=19/191 | 危害结果=17/51
2011-14,2011,14,single,受贿罪,执行判决裁定失职罪=181/576 | 滥用职权罪=180/569 | 徇私枉法罪=None/None | 受贿罪=174/554
2011-15,2011,15,single,故意伤害罪,故意伤害罪=127/375 | 非法拘禁罪=131/389 | 故意杀人罪=126/370 | 结果加重犯=None/172
2011-16,2011,16,single,侵犯著作权罪,生产销售伪劣产品罪=106/317 | 销售侵权复制品罪=120/None | 侵犯著作权罪=120/358 | 非法经营罪=123/364 | 罪刑法定原则=7/16 | 数罪并罚=67/232
2011-17,2011,17,single,无期徒刑,无期徒刑=52/201 | 附加刑=50/204 | 死刑=53/202 | 罚金=54/204
2011-18,2011,18,single,窝藏罪,
2011-19,2011,19,single,逃税罪,骗取出口退税罪=None/None | 逃税罪=118/351 | 抗税罪=118/354
2011-20,2011,20,single,抢夺罪,诈骗罪=141/444 | 侵占罪=142/455 | 抢夺罪=142/434 | 盗窃罪=141/436
2011-41,2011,41,multi,煽动分裂国家罪,煽动分裂国家罪=None/None | 破坏交通设施罪=95/287 | 分裂国家罪=89/268 | 故意杀人罪=126/370 | 犯罪未遂=34/126 | 危害结果=17/51 | 犯罪既遂=33/119 | 实行行为=None/125 | 行为犯=186/127 | 实害犯=33/127 | 危险犯=33/127 | 着手=None/None
2011-42,2011,42,multi,缓刑,缓刑=70/236 | 假释=75/246 | 管制=51/199
2011-43,2011,43,multi,脱逃罪,脱逃罪=161/511 | 管制=51/199
2011-44,2011,44,multi,徇私枉法罪,滥用职权罪=180/569 | 徇私枉法罪=None/None | 数罪并罚=67/232 | 牵连犯=192/183 | 罪数=41/165
2011-45,2011,45,multi,非法经营罪,假冒注册商标罪=119/356 | 非法经营罪=123/364
2012-1,2012,1,single,危险驾驶罪,危险驾驶罪=97/296 | 醉酒=None/296 | 刑罚=47/195
2012-2,2012,2,single,属地管辖,属地管辖=None/9 | 普遍管辖=None/21
2012-3,2012,3,single,抢劫罪,抢劫罪=140/424 | 犯罪未遂=34/126 | 犯罪客体=14/39
2012-4,2012,4,single,拒不执行判决裁定罪,拒不执行判决裁定罪=162/514 | 故意杀人罪=126/370 | 遗弃罪=135/407 | 不作为犯罪=17/47
2012-5,2012,5,single,盗窃罪,投放危险物质罪=94/280 | 故意伤害罪=127/375 | 抢劫罪=140/424 | 抢夺罪=142/434 | 盗窃罪=141/436 | 刑事责任=19/191
2012-6,2012,6,single,有期徒刑,有期徒刑=52/201 | 没收财产=55/206 | 死刑=53/202 | 累犯=62/218 | 量刑=58/213 | 赦免=80/258 | 假释=75/246 | 刑罚=47/195
2012-7,2012,7,single,危险驾驶罪,交通肇事罪=95/289 | 危险驾驶罪=97/296 | 意外事件=27/84 | 不可抗力=24/84 | 量刑=58/213 | 醉酒=None/296
2012-8,2012,8,single,挪用公款罪,挪用公款罪=173/551 | 挪用资金罪=145/462 | 贪污罪=172/546
2012-9,2012,9,single,报复陷害罪,报复陷害罪=137/413 | 诽谤罪=136/None
2012-10,2012,10,single,故意杀人罪,故意杀人罪=126/370 | 共同犯罪=37/139 | 危害结果=17/51 | 犯罪既遂=33/119
2012-11,2012,11,single,共同犯罪,共同犯罪=37/139 | 立功=66/228 | 自首=62/221
2012-12,2012,12,single,强奸罪,负有照护职责人员性侵罪=130/385 | 强奸罪=129/380 | 刑事责任=19/191 | 有期徒刑=52/201 | 死刑=53/202 | 刑罚=47/195
2012-13,2012,13,single,犯罪未遂,犯罪未遂=34/126 | 犯罪中止=35/130 | 着手=None/None
2012-14,2012,14,single,遗弃罪,行贿罪=176/564 | 侮辱罪=130/410 | 受贿罪=174/554 | 遗弃罪=135/407 | 结果加重犯=None/172 | 重大立功=67/231 | 有期徒刑=52/201 | 拘役=52/200 | 立功=66/228 | 管制=51/199
2012-15,2012,15,single,受贿罪,受贿罪=174/554 | 行贿罪=176/564 | 重大立功=67/231 | 立功=66/228
2012-16,2012,16,single,故意伤害罪,故意伤害罪=127/375 | 强迫卖淫罪=170/None | 故意杀人罪=126/370 | 数罪并罚=67/232
2012-17,2012,17,single,盗窃罪,盗窃罪=141/436 | 犯罪构成=13/33
2012-18,2012,18,single,非法获取国家秘密罪,故意泄露国家秘密罪=180/572 | 非法获取国家秘密罪=151/476 | 间谍罪=91/272 | 犯罪主体=20/65
2012-19,2012,19,single,非法拘禁罪,非法拘禁罪=131/389
2012-20,2012,20,single,销售侵权复制品罪,虚开增值税专用发票罪=None/None | 销售侵权复制品罪=120/None | 非法经营罪=123/364 | 有期徒刑=52/201 | 没收财产=55/206 | 拘役=52/200 | 罚金=54/204
2012-41,2012,41,multi,剥夺政治权利,剥夺政治权利=55/208 | 数罪并罚=67/232 | 量刑=58/213 | 缓刑=70/236
2012-42,2012,42,multi,缓刑,缓刑=70/236
2012-43,2012,43,multi,刑法,
2012-44,2012,44,multi,无期徒刑,无期徒刑=52/201 | 有期徒刑=52/201 | 死刑=53/202
2012-45,2012,45,multi,污染环境罪,投放危险物质罪=94/280 | 污染环境罪=165/524 | 有期徒刑=52/201
2013-1,2013,1,single,刑法,
2013-2,2013,2,single,刑法的空间效力,刑法的空间效力=8/None | 普遍管辖=None/21 | 有期徒刑=52/201
2013-3,2013,3,single,不可抗力,不可抗力=24/84 | 罚金=54/204 | 刑罚=47/195
2013-4,2013,4,single,投放危险物质罪,投放危险物质罪=94/280 | 故意伤害罪=127/375 | 刑事责任=19/191
2013-5,2013,5,single,刑法,
2013-6,2013,6,single,共同犯罪,共同犯罪=37/139 | 胁从犯=189/156 | 从犯=39/156 | 主犯=39/153
2013-7,2013,7,single,绑架罪,绑架罪=132/392 | 犯罪故意=25/78 | 继续犯=191/167 | 着手=None/None
2013-8,2013,8,single,盗窃罪,盗窃罪=141/436 | 从犯=39/156
2013-9,2013,9,single,交通肇事罪,交通肇事罪=95/289 | 故意杀人罪=126/370 | 间接故意=25/81 | 罪数=41/165
2013-10,2013,10,single,非法经营罪,非法经营罪=123/364
2013-11,2013,11,single,伪造货币罪,伪造货币罪=111/335
2013-12,2013,12,single,伪证罪,伪证罪=159/503
2013-13,2013,13,single,手段错误,因果关系错误=None/96 | 事实认识错误=None/91 | 手段错误=29/96 | 对象错误=29/94 | 客体错误=29/92 | 因果关系=18/54
2013-14,2013,14,single,伪造货币罪,骗取出口退税罪=None/None | 伪造货币罪=111/335 | 妨害公务罪=148/467 | 保险诈骗罪=117/349 | 徇私枉法罪=None/None | 放火罪=93/276 | 逃税罪=118/351 | 受贿罪=174/554 | 诈骗罪=141/444 | 绑架罪=132/392 | 盗窃罪=141/436 | 法定的一罪=44/175 | 数罪并罚=67/232 | 牵连犯=192/183 | 罪数=41/165
2013-15,2013,15,single,利用影响力受贿罪,利用影响力受贿罪=175/561 | 受贿罪=174/554
2013-16,2013,16,single,刑法,
2013-17,2013,17,single,收买被拐卖的妇女儿童罪,收买被拐卖的妇女儿童罪=133/399 | 故意伤害罪=127/375 | 非法拘禁罪=131/389 | 强奸罪=129/380 | 侮辱罪=130/410 | 数罪并罚=67/232 | 罪数=41/165
2013-18,2013,18,single,贷款诈骗罪,贷款诈骗罪=116/344 | 骗取贷款罪=None/None | 诈骗罪=141/444 | 犯罪故意=25/78 | 犯罪主体=20/65 | 单位犯罪=22/72
2013-19,2013,19,single,投放危险物质罪,投放危险物质罪=94/280 | 故意伤害罪=127/375 | 抢劫罪=140/424 | 无期徒刑=52/201 | 有期徒刑=52/201 | 拘役=52/200 | 累犯=62/218 | 假释=75/246 | 刑罚=47/195
2013-20,2013,20,single,洗钱罪,洗钱罪=115/341 | 数罪并罚=67/232 | 罪数=41/165
2013-41,2013,41,multi,危害结果,危害结果=17/51
2013-42,2013,42,multi,剥夺政治权利,剥夺政治权利=55/208 | 无期徒刑=52/201 | 没收财产=55/206 | 死刑=53/202 | 罚金=54/204 | 缓刑=70/236 | 管制=51/199
2013-43,2013,43,multi,抢劫罪,抢劫罪=140/424 | 犯罪既遂=33/119
2013-44,2013,44,multi,故意伤害罪,故意伤害罪=127/375 | 刑讯逼供罪=128/378 | 滥用职权罪=180/569 | 故意杀人罪=126/370 | 牵连犯=192/183
2013-45,2013,45,multi,,
2014-1,2014,1,single,放火罪,放火罪=93/276 | 失火罪=None/278 | 罪责刑相适应原则=8/18 | 刑法基本原则=None/None | 刑事责任=19/191 | 危害结果=17/51 | 刑罚=47/195
2014-2,2014,2,single,刑法,
2014-3,2014,3,single,但书,但书=13/29
2014-4,2014,4,single,交通肇事罪,交通肇事罪=95/289 | 刑事责任能力=None/67 | 刑事责任=19/191 | 精神病人=None/None | 醉酒=None/296
2014-5,2014,5,single,犯罪客体,犯罪客体=14/39
2014-6,2014,6,single,不作为犯罪,不作为犯罪=17/47
2014-7,2014,7,single,刑事责任,刑事责任=19/191 | 单位犯罪=22/72 | 罚金=54/204 | 刑罚=47/195
2014-8,2014,8,single,故意杀人罪,故意杀人罪=126/370 | 事实认识错误=None/91 | 对象错误=29/94 | 犯罪客体=14/39 | 犯罪构成=13/33
2014-9,2014,9,single,共同犯罪,共同犯罪=37/139 | 犯罪主体=20/65
2014-10,2014,10,single,想象竞合犯,破坏电力设备罪=103/313 | 盗窃罪=141/436 | 想象竞合犯=189/169
2014-11,2014,11,single,罚金,罚金=54/204
2014-12,2014,12,single,刑法,
2014-13,2014,13,single,间谍罪,故意泄露国家秘密罪=180/572 | 侵犯商业秘密罪=121/360 | 间谍罪=91/272 | 着手=None/None
2014-14,2014,14,single,非国家工作人员受贿罪,非国家工作人员受贿罪=110/328 | 受贿罪=174/554
2014-15,2014,15,single,绑架罪,拐骗儿童罪=133/401 | 绑架罪=132/392 | 行为犯=186/127
2014-16,2014,16,single,盗窃罪,诈骗罪=141/444 | 侵占罪=142/455 | 抢劫罪=140/424 | 盗窃罪=141/436
2014-17,2014,17,single,贩卖毒品罪,
2014-18,2014,18,single,抢劫罪,抢劫罪=140/424 | 结果犯=147/122
2014-19,2014,19,single,私放在押人员罪,私放在押人员罪=182/577 | 洗钱罪=115/341
2014-20,2014,20,single,强令违章冒险作业罪,强令违章冒险作业罪=None/None | 医疗事故罪=165/521 | 滥用职权罪=180/569 | 贪污罪=172/546
2014-41,2014,41,multi,普遍管辖,普遍管辖=None/21
2014-42,2014,42,multi,立功,立功=66/228
2014-43,2014,43,multi,集资诈骗罪,集资诈骗罪=115/343 | 合同诈骗罪=122/362 | 贷款诈骗罪=116/344 | 诈骗罪=141/444
2014-44,2014,44,multi,盗窃罪,非法持有毒品罪=168/536 | 盗窃罪=141/436
2014-45,2014,45,multi,侵犯著作权罪,侵犯著作权罪=120/358
2015-1,2015,1,single,刑法基本原则,罪责刑相适应原则=8/18 | 刑法基本原则=None/None | 刑事责任=19/191 | 危害结果=17/51 | 量刑=58/213 | 刑罚=47/195
2015-2,2015,2,single,赌博罪,赌博罪=157/498
2015-3,2015,3,single,故意杀人罪,过失致人死亡罪=127/374 | 故意伤害罪=127/375 | 故意杀人罪=126/370 | 因果关系错误=None/96 | 因果关系=18/54 | 实害犯=33/127
2015-4,2015,4,single,时效延长,聚众斗殴罪=155/466 | 刑事责任=19/191 | 时效延长=None/None
2015-5,2015,5,single,刑法的解释,危险驾驶罪=97/296 | 刑法的解释=5/11 | 醉酒=None/296
2015-6,2015,6,single,传播淫秽物品罪,传播淫秽物品罪=171/543 | 犯罪构成=13/33
2015-7,2015,7,single,特别累犯,特别累犯=61/220 | 累犯=62/218 | 赦免=80/258 | 刑罚=47/195
2015-8,2015,8,single,爆炸罪,以危险方法危害公共安全罪=94/282 | 故意伤害罪=127/375 | 寻衅滋事罪=None/None | 爆炸罪=93/279 | 危险犯=33/127
2015-9,2015,9,single,职务侵占罪,职务侵占罪=143/457 | 挪用资金罪=145/462 | 侵占罪=142/455 | 盗窃罪=141/436 | 犯罪构成=13/33
2015-10,2015,10,single,污染环境罪,以危险方法危害公共安全罪=94/282 | 重大责任事故罪=102/308 | 投放危险物质罪=94/280 | 污染环境罪=165/524 | 有期徒刑=52/201 | 拘役=52/200 | 罚金=54/204
2015-11,2015,11,single,逃税罪,非法经营罪=123/364 | 逃税罪=118/351 | 犯罪构成=13/33
2015-12,2015,12,single,强奸罪,强奸罪=129/380 | 犯罪未遂=34/126 | 犯罪中止=35/130 | 犯罪既遂=33/119 | 犯罪预备=33/123 | 着手=None/None
2015-13,2015,13,single,放火罪,放火罪=93/276 | 诈骗罪=141/444 | 叛逃罪=90/271 | 无期徒刑=52/201 | 有期徒刑=52/201 | 累犯=62/218 | 假释=75/246
2015-14,2015,14,single,故意毁坏财物罪,故意毁坏财物罪=144/459 | 犯罪未遂=34/126 | 危害结果=17/51 | 犯罪既遂=33/119 | 实行行为=None/125 | 行为犯=186/127 | 结果犯=147/122 | 危险犯=33/127 | 着手=None/None
2015-15,2015,15,single,共同犯罪,共同犯罪=37/139 | 法定情节=59/214 | 坦白=66/221 | 立功=66/228 | 量刑=58/213 | 自首=62/221
2015-16,2015,16,single,交通肇事罪,寻衅滋事罪=None/None | 交通肇事罪=95/289 | 危害行为=16/45 | 危害结果=17/51 | 因果关系=18/54
2015-17,2015,17,single,信用卡诈骗罪,信用卡诈骗罪=117/346 | 诈骗罪=141/444 | 盗窃罪=141/436
2015-18,2015,18,single,抢劫罪,敲诈勒索罪=143/451 | 招摇撞骗罪=149/471 | 抢劫罪=140/424
2015-19,2015,19,single,诈骗罪,合同诈骗罪=122/362 | 诈骗罪=141/444 | 紧急避险=30/110
2015-20,2015,20,single,盗窃罪,盗窃罪=141/436 | 想象竞合犯=189/169 | 结果加重犯=None/172 | 犯罪构成=13/33 | 牵连犯=192/183
2015-41,2015,41,multi,暴力干涉婚姻自由罪,暴力干涉婚姻自由罪=134/404 | 侮辱罪=130/410 | 侵占罪=142/455 | 诽谤罪=136/None | 虐待罪=135/405
2015-42,2015,42,multi,抢劫罪,抢劫罪=140/424 | 盗窃罪=141/436 | 因果关系错误=None/96 | 事实认识错误=None/91 | 手段错误=29/96 | 对象错误=29/94 | 客体错误=29/92 | 因果关系=18/54
2015-43,2015,43,multi,死刑,死刑=53/202
2015-44,2015,44,multi,非法经营罪,组织出卖人体器官罪=127/377 | 非法经营罪=123/364 | 刑事责任=19/191
2015-45,2015,45,multi,缓刑,缓刑=70/236 | 管制=51/199
2016-1,2016,1,single,刑事责任,刑事责任=19/191 | 刑罚=47/195
2016-2,2016,2,single,罪责刑相适应原则,罪责刑相适应原则=8/18 | 罪刑法定原则=7/16 | 刑事责任=19/191 | 刑罚=47/195
2016-3,2016,3,single,刑罚,刑罚=47/195
2016-4,2016,4,single,敲诈勒索罪,敲诈勒索罪=143/451 | 非法拘禁罪=131/389 | 有期徒刑=52/201 | 拘役=52/200 | 罚金=54/204 | 管制=51/199
2016-5,2016,5,single,故意杀人罪,故意杀人罪=126/370 | 犯罪未遂=34/126 | 犯罪中止=35/130 | 犯罪既遂=33/119 | 犯罪预备=33/123 | 实害犯=33/127 | 着手=None/None
2016-6,2016,6,single,故意伤害罪,故意伤害罪=127/375 | 抢劫罪=140/424 | 无期徒刑=52/201 | 死刑=53/202 | 从犯=39/156
2016-7,2016,7,single,抢劫罪,抢劫罪=140/424
2016-8,2016,8,single,脱逃罪,脱逃罪=161/511 | 无期徒刑=52/201 | 重大立功=67/231 | 有期徒刑=52/201 | 坦白=66/221 | 立功=66/228 | 自首=62/221 | 刑罚=47/195
2016-9,2016,9,single,私放在押人员罪,私放在押人员罪=182/577 | 妨害公务罪=148/467
2016-10,2016,10,single,防卫过当,防卫过当=30/107 | 正当防卫=29/101
2016-11,2016,11,single,劫持航空器罪,劫持航空器罪=98/300 | 无期徒刑=52/201 | 拘役=52/200 | 死刑=53/202 | 主刑=None/199 | 罚金=54/204 | 刑罚=47/195 | 管制=51/199
2016-12,2016,12,single,交通肇事罪,以危险方法危害公共安全罪=94/282 | 妨害安全驾驶罪=97/298 | 过失致人重伤罪=None/503 | 故意伤害罪=127/375 | 交通肇事罪=95/289 | 危险驾驶罪=97/296 | 有期徒刑=52/201 | 拘役=52/200 | 罚金=54/204 | 醉酒=None/296 | 管制=51/199
2016-13,2016,13,single,诈骗罪,生产销售假药罪=None/None | 诈骗罪=141/444
2016-14,2016,14,single,徇私枉法罪,徇私枉法罪=None/None | 受贿罪=174/554
2016-15,2016,15,single,故意伤害罪,故意伤害罪=127/375 | 数罪并罚=67/232
2016-16,2016,16,single,数罪并罚,数罪并罚=67/232
2016-17,2016,17,single,抢劫罪,抢劫罪=140/424 | 管制=51/199
2016-18,2016,18,single,放纵制售伪劣商品犯罪行为罪,放纵制售伪劣商品犯罪行为罪=183/580 | 玩忽职守罪=180/571 | 滥用职权罪=180/569
2016-19,2016,19,single,爆炸罪,投放危险物质罪=94/280 | 故意杀人罪=126/370 | 爆炸罪=93/279
2016-20,2016,20,single,死刑缓期执行,死刑缓期执行=None/203 | 无期徒刑=52/201 | 重大立功=67/231 | 有期徒刑=52/201 | 立功=66/228 | 死刑=53/202 | 缓刑=70/236
2016-41,2016,41,multi,过失致人死亡罪,过失致人死亡罪=127/374 | 交通肇事罪=95/289 | 合同诈骗罪=122/362 | 诈骗罪=141/444
2016-42,2016,42,multi,侵犯著作权罪,侵犯著作权罪=120/358
2016-43,2016,43,multi,故意毁坏财物罪,故意毁坏财物罪=144/459 | 盗窃罪=141/436
2016-44,2016,44,multi,因果关系错误,因果关系错误=None/96 | 事实认识错误=None/91 | 手段错误=29/96 | 对象错误=29/94 | 客体错误=29/92 | 因果关系=18/54
2016-45,2016,45,multi,死刑缓期执行,死刑缓期执行=None/203 | 死刑=53/202
2017-1,2017,1,single,刑罚,刑罚=47/195
2017-2,2017,2,single,故意伤害罪,故意伤害罪=127/375 | 属地管辖=None/9 | 普遍管辖=None/21 | 属人管辖=9/20 | 保护管辖=9/21
2017-3,2017,3,single,以危险方法危害公共安全罪,以危险方法危害公共安全罪=94/282 | 妨害安全驾驶罪=97/298 | 危险驾驶罪=97/296 | 故意杀人罪=126/370 | 逃税罪=118/351 | 有期徒刑=52/201 | 拘役=52/200 | 罚金=54/204 | 管制=51/199
2017-4,2017,4,single,危害行为,危害行为=16/45 | 危害结果=17/51 | 因果关系=18/54
2017-5,2017,5,single,故意伤害罪,故意伤害罪=127/375 | 因果关系错误=None/96 | 事实认识错误=None/91 | 意外事件=27/84 | 手段错误=29/96 | 打击错误=29/94 | 对象错误=29/94 | 客体错误=29/92 | 犯罪构成=13/33 | 因果关系=18/54
2017-6,2017,6,single,共同犯罪,盗窃罪=141/436 | 犯罪故意=25/78 | 共同犯罪=37/139
2017-7,2017,7,single,累犯,累犯=62/218 | 罚金=54/204
2017-8,2017,8,single,防卫过当,防卫过当=30/107 | 正当防卫=29/101
2017-9,2017,9,single,剥夺政治权利,剥夺政治权利=55/208 | 无期徒刑=52/201 | 死刑=53/202
2017-10,2017,10,single,抢劫罪,抢劫罪=140/424 | 盗窃罪=141/436 | 特别自首=63/224 | 一般自首=63/226 | 坦白=66/221 | 立功=66/228 | 自首=62/221
2017-11,2017,11,single,限制加重原则,限制加重原则=69/234 | 无期徒刑=52/201 | 吸收原则=69/234 | 有期徒刑=52/201 | 并科原则=69/234 | 拘役=52/200 | 死刑=53/202 | 刑罚=47/195 | 管制=51/199
2017-12,2017,12,single,诈骗罪,诈骗罪=141/444
2017-13,2017,13,single,盗窃罪,信用卡诈骗罪=117/346 | 诈骗罪=141/444 | 盗窃罪=141/436
2017-14,2017,14,single,强奸罪,强奸罪=129/380
2017-15,2017,15,single,报复陷害罪,报复陷害罪=137/413 | 贪污罪=172/546 | 伪证罪=159/503 | 诽谤罪=136/None
2017-16,2017,16,single,抢劫罪,故意伤害罪=127/375 | 强奸罪=129/380 | 抢劫罪=140/424 | 数罪并罚=67/232 | 罪数=41/165
2017-17,2017,17,single,妨害公务罪,妨害公务罪=148/467 | 袭警罪=149/469 | 有期徒刑=52/201 | 拘役=52/200 | 管制=51/199
2017-18,2017,18,single,受贿罪,利用影响力受贿罪=175/561 | 受贿罪=174/554
2017-19,2017,19,single,保险诈骗罪,保险诈骗罪=117/349 | 故意杀人罪=126/370 | 诈骗罪=141/444 | 想象竞合犯=189/169 | 犯罪故意=25/78 | 连续犯=191/180 | 牵连犯=192/183 | 吸收犯=192/185
2017-20,2017,20,single,保险诈骗罪,保险诈骗罪=117/349 | 故意杀人罪=126/370 | 诈骗罪=141/444 | 数罪并罚=67/232 | 牵连犯=192/183
2017-41,2017,41,multi,刑法,
2017-42,2017,42,multi,数罪并罚,数罪并罚=67/232 | 立功=66/228 | 累犯=62/218 | 量刑=58/213 | 缓刑=70/236 | 假释=75/246 | 自首=62/221 | 刑罚=47/195
2017-43,2017,43,multi,单位犯罪,刑事责任=19/191 | 单位犯罪=22/72
2017-44,2017,44,multi,非法拘禁罪,拐骗儿童罪=133/401 | 非法拘禁罪=131/389 | 绑架罪=132/392
2017-45,2017,45,multi,诈骗罪,开设赌场罪=157/500 | 诈骗罪=141/444 | 盗窃罪=141/436
2018-1,2018,1,single,从旧兼从轻,从旧兼从轻=185/None | 溯及力=185/23
2018-2,2018,2,single,刑事责任,刑事责任=19/191 | 紧急避险=30/110 | 正当防卫=29/101 | 胁从犯=189/156 | 减刑=72/242 | 量刑=58/213 | 从犯=39/156
2018-3,2018,3,single,犯罪故意,犯罪故意=25/78
2018-4,2018,4,single,,
2018-5,2018,5,single,共同犯罪,共同犯罪=37/139 | 犯罪构成=13/33
2018-6,2018,6,single,敲诈勒索罪,敲诈勒索罪=143/451
2018-7,2018,7,single,管制,管制=51/199
2018-8,2018,8,single,诈骗罪,诈骗罪=141/444
2018-9,2018,9,single,贪污罪,职务侵占罪=143/457 | 贪污罪=172/546 | 受贿罪=174/554 | 侵占罪=142/455 | 无期徒刑=52/201 | 有期徒刑=52/201
2018-10,2018,10,single,行贿罪,行贿罪=176/564 | 犯罪构成=13/33 | 死刑=53/202
2018-11,2018,11,single,刑法,
2018-12,2018,12,single,单位犯罪,共同犯罪=37/139 | 单位犯罪=22/72 | 从犯=39/156 | 主犯=39/153
2018-13,2018,13,single,危险驾驶罪,危险驾驶罪=97/296 | 放火罪=93/276 | 虐待罪=135/405
2018-14,2018,14,single,盗窃罪,非法侵入计算机信息系统罪=153/482 | 故意毁坏财物罪=144/459 | 盗窃罪=141/436
2018-15,2018,15,single,玩忽职守罪,玩忽职守罪=180/571 | 洗钱罪=115/341 | 不作为犯罪=17/47
2018-16,2018,16,single,因果关系错误,因果关系错误=None/96 | 对象错误=29/94 | 因果关系=18/54
2018-17,2018,17,single,盗窃罪,侵占罪=142/455 | 抢劫罪=140/424 | 抢夺罪=142/434 | 盗窃罪=141/436
2018-18,2018,18,single,没收财产,没收财产=55/206 | 附加刑=50/204 | 罚金=54/204
2018-19,2018,19,single,破坏交通工具罪,以危险方法危害公共安全罪=94/282 | 破坏交通工具罪=94/284
2018-20,2018,20,single,寻衅滋事罪,寻衅滋事罪=None/None
2018-41,2018,41,multi,罪责刑相适应原则,罪责刑相适应原则=8/18 | 罪刑法定原则=7/16 | 从旧兼从轻=185/None | 缓刑=70/236
2018-42,2018,42,multi,,
2018-43,2018,43,multi,强迫交易罪,非法经营罪=123/364 | 强迫交易罪=123/366
2018-44,2018,44,multi,管制,管制=51/199
2018-45,2018,45,multi,,
2019-1,2019,1,single,挪用公款罪,挪用公款罪=173/551 | 玩忽职守罪=180/571 | 无期徒刑=52/201 | 危害结果=17/51 | 有期徒刑=52/201 | 追诉时效=80/255 | 死刑=53/202
2019-2,2019,2,single,破坏选举罪,破坏选举罪=137/414 | 犯罪主体=20/65
2019-3,2019,3,single,过于自信的过失,过于自信的过失=27/88 | 疏忽大意的过失=27/87 | 直接故意=25/80 | 危害结果=17/51 | 间接故意=25/81
2019-4,2019,4,single,洗钱罪,洗钱罪=115/341
2019-5,2019,5,single,贪污罪,贪污罪=172/546 | 诈骗罪=141/444 | 侵占罪=142/455 | 抢夺罪=142/434 | 盗窃罪=141/436 | 犯罪构成=13/33
2019-6,2019,6,single,窝藏罪,
2019-7,2019,7,single,开设赌场罪,帮助信息网络犯罪活动罪=154/488 | 非法经营罪=123/364 | 开设赌场罪=157/500 | 赌博罪=157/498
2019-8,2019,8,single,利用影响力受贿罪,利用影响力受贿罪=175/561 | 受贿罪=174/554
2019-9,2019,9,single,受贿罪,受贿罪=174/554 | 数罪并罚=67/232
2019-10,2019,10,single,组织卖淫罪,组织卖淫罪=169/538
2019-11,2019,11,single,罪刑法定原则,罪刑法定原则=7/16 | 从旧兼从轻=185/None
2019-12,2019,12,single,属人管辖,属人管辖=9/20 | 有期徒刑=52/201
2019-13,2019,13,single,不作为犯罪,不作为犯罪=17/47 | 危害结果=17/51 | 因果关系=18/54
2019-14,2019,14,single,诈骗罪,诈骗罪=141/444 | 不作为犯罪=17/47 | 继续犯=191/167 | 着手=None/None
2019-15,2019,15,single,防卫过当,防卫过当=30/107 | 正当防卫=29/101
2019-16,2019,16,single,犯罪未遂,犯罪未遂=34/126 | 犯罪中止=35/130 | 犯罪预备=33/123
2019-17,2019,17,single,故意伤害罪,故意伤害罪=127/375 | 侮辱罪=130/410 | 犯罪故意=25/78
2019-18,2019,18,single,,
2019-19,2019,19,single,死刑缓期执行,死刑缓期执行=None/203 | 无期徒刑=52/201 | 减刑=72/242 | 死刑=53/202 | 假释=75/246 | 刑罚=47/195
2019-20,2019,20,single,故意杀人罪,故意杀人罪=126/370 | 放火罪=93/276 | 抢劫罪=140/424 | 抢夺罪=142/434 | 紧急避险=30/110 | 危险犯=33/127 | 着手=None/None
2019-41,2019,41,multi,危害行为,危害行为=16/45 | 但书=13/29
2019-42,2019,42,multi,故意伤害罪,故意伤害罪=127/375 | 抢劫罪=140/424
2019-43,2019,43,multi,非国家工作人员受贿罪,非国家工作人员受贿罪=110/328 | 受贿罪=174/554
2019-44,2019,44,multi,剥夺政治权利,剥夺政治权利=55/208 | 缓刑=70/236 | 假释=75/246 | 刑罚=47/195 | 管制=51/199
2019-45,2019,45,multi,无期徒刑,无期徒刑=52/201 | 有期徒刑=52/201 | 减刑=72/242 | 拘役=52/200 | 立功=66/228 | 缓刑=70/236 | 假释=75/246 | 刑罚=47/195 | 管制=51/199
2020-1,2020,1,single,刑法,
2020-2,2020,2,single,正当防卫,正当防卫=29/101
2020-3,2020,3,single,诈骗罪,诈骗罪=141/444 | 共同犯罪=37/139
2020-4,2020,4,single,重大责任事故罪,重大责任事故罪=102/308 | 故意杀人罪=126/370 | 犯罪客观方面=186/45 | 不作为犯罪=17/47 | 危害结果=17/51
2020-5,2020,5,single,私放在押人员罪,私放在押人员罪=182/577 | 滥用职权罪=180/569 | 徇私枉法罪=None/None | 受贿罪=174/554 | 数罪并罚=67/232 | 罪数=41/165
2020-6,2020,6,single,非法拘禁罪,非法拘禁罪=131/389 | 实质的一罪=42/167 | 追诉时效=80/255 | 继续犯=191/167 | 着手=None/None | 从犯=39/156
2020-7,2020,7,single,故意伤害罪,故意伤害罪=127/375 | 故意杀人罪=126/370
2020-8,2020,8,single,强奸罪,故意杀人罪=126/370 | 强奸罪=129/380 | 因果关系=18/54
2020-9,2020,9,single,剥夺政治权利,剥夺政治权利=55/208 | 犯罪主体=20/65 | 死刑=53/202
2020-10,2020,10,single,破坏生产经营罪,以危险方法危害公共安全罪=94/282 | 破坏电力设备罪=103/313 | 破坏交通设施罪=95/287 | 破坏生产经营罪=144/460
2020-11,2020,11,single,刑事责任,刑事责任=19/191 | 危害行为=16/45 | 危害结果=17/51 | 因果关系=18/54
2020-12,2020,12,single,剥夺政治权利,剥夺政治权利=55/208 | 死刑缓期执行=None/203 | 无期徒刑=52/201 | 有期徒刑=52/201 | 拘役=52/200 | 死刑=53/202 | 主刑=None/199 | 管制=51/199
2020-13,2020,13,single,有期徒刑,有期徒刑=52/201 | 没收财产=55/206 | 量刑=58/213
2020-14,2020,14,single,绑架罪,故意杀人罪=126/370 | 抢劫罪=140/424 | 绑架罪=132/392 | 数罪并罚=67/232
2020-15,2020,15,single,妨害作证罪,妨害作证罪=162/513 | 伪证罪=159/503
2020-16,2020,16,single,生产销售不符合安全标准的食品罪,生产销售不符合安全标准的食品罪=107/None | 危险犯=33/127
2020-17,2020,17,single,诈骗罪,诈骗罪=141/444
2020-18,2020,18,single,强奸罪,强奸罪=129/380
2020-19,2020,19,single,重大责任事故罪,重大责任事故罪=102/308 | 过失致人死亡罪=127/374
2020-20,2020,20,single,非法持有毒品罪,非法持有毒品罪=168/536
2020-41,2020,41,multi,处断的一罪,处断的一罪=44/180 | 法定的一罪=44/175 | 连续犯=191/180 | 牵连犯=192/183 | 吸收犯=192/185 | 集合犯=44/178
2020-42,2020,42,multi,无期徒刑,无期徒刑=52/201 | 有期徒刑=52/201 | 减刑=72/242 | 拘役=52/200 | 立功=66/228 | 刑罚=47/195 | 管制=51/199
2020-43,2020,43,multi,煽动分裂国家罪,煽动分裂国家罪=None/None | 分裂国家罪=89/268
2020-44,2020,44,multi,刑事责任,刑事责任=19/191 | 量刑=58/213 | 自首=62/221
2020-45,2020,45,multi,侵犯公民个人信息罪,侵犯公民个人信息罪=137/412
2021-1,2021,1,single,刑事责任,刑事责任=19/191 | 有期徒刑=52/201 | 刑罚=47/195
2021-2,2021,2,single,犯罪中止,犯罪中止=35/130 | 间接故意=25/81 | 犯罪预备=33/123
2021-3,2021,3,single,投放危险物质罪,投放危险物质罪=94/280 | 失火罪=None/278 | 盗窃罪=141/436 | 刑事责任=19/191
2021-4,2021,4,single,以危险方法危害公共安全罪,以危险方法危害公共安全罪=94/282 | 有期徒刑=52/201 | 拘役=52/200 | 罚金=54/204 | 管制=51/199
2021-5,2021,5,single,犯罪未遂,犯罪未遂=34/126 | 犯罪中止=35/130 | 犯罪既遂=33/119
2021-6,2021,6,single,单位犯罪,刑事责任=19/191 | 单位犯罪=22/72
2021-7,2021,7,single,附加刑,附加刑=50/204 | 缓刑=70/236 | 管制=51/199
2021-8,2021,8,single,有期徒刑,有期徒刑=52/201 | 并科原则=69/234 | 拘役=52/200 | 刑罚=47/195 | 管制=51/199
2021-9,2021,9,single,信用卡诈骗罪,信用卡诈骗罪=117/346 | 诈骗罪=141/444 | 牵连犯=192/183
2021-10,2021,10,single,非法拘禁罪,非法拘禁罪=131/389
2021-11,2021,11,single,共同犯罪,共同犯罪=37/139 | 主犯=39/153
2021-12,2021,12,single,传授犯罪方法罪,
2021-13,2021,13,single,交通肇事罪,交通肇事罪=95/289
2021-14,2021,14,single,利用影响力受贿罪,利用影响力受贿罪=175/561 | 受贿罪=174/554
2021-15,2021,15,single,信用卡诈骗罪,信用卡诈骗罪=117/346 | 诈骗罪=141/444 | 抢劫罪=140/424
2021-16,2021,16,single,破坏交通设施罪,破坏交通设施罪=95/287 | 盗窃罪=141/436 | 想象竞合犯=189/169
2021-17,2021,17,single,开设赌场罪,开设赌场罪=157/500
2021-18,2021,18,single,破坏生产经营罪,破坏生产经营罪=144/460
2021-19,2021,19,single,主犯,主犯=39/153
2021-20,2021,20,single,伪造货币罪,伪造货币罪=111/335 | 变造货币罪=None/None
2021-41,2021,41,multi,赦免,赦免=80/258 | 缓刑=70/236 | 假释=75/246 | 刑罚=47/195
2021-42,2021,42,multi,重婚罪,重婚罪=134/403 | 犯罪客体=14/39
2021-43,2021,43,multi,强迫交易罪,故意伤害罪=127/375 | 寻衅滋事罪=None/None | 强迫交易罪=123/366
2021-44,2021,44,multi,刑法,
2021-45,2021,45,multi,,
2022-1,2022,1,single,合同诈骗罪,合同诈骗罪=122/362 | 诈骗罪=141/444 | 犯罪主观方面=23/79 | 犯罪故意=25/78 | 刑事责任=19/191 | 危害行为=16/45 | 危害结果=17/51 | 犯罪过失=26/82 | 犯罪构成=13/33 | 因果关系=18/54 | 行为犯=186/127 | 实害犯=33/127 | 刑罚=47/195
2022-2,2022,2,single,劫持航空器罪,劫持航空器罪=98/300 | 挪用公款罪=173/551 | 盗窃罪=141/436
2022-3,2022,3,single,过于自信的过失,过于自信的过失=27/88 | 疏忽大意的过失=27/87 | 意外事件=27/84 | 危害结果=17/51 | 间接故意=25/81 | 犯罪过失=26/82
2022-4,2022,4,single,,
2022-5,2022,5,single,破坏交通设施罪,破坏交通设施罪=95/287
2022-6,2022,6,single,集资诈骗罪,集资诈骗罪=115/343 | 洗钱罪=115/341 | 诈骗罪=141/444 | 数罪并罚=67/232 | 犯罪客体=14/39
2022-7,2022,7,single,寻衅滋事罪,寻衅滋事罪=None/None
2022-8,2022,8,single,犯罪既遂,犯罪既遂=33/119 | 行为犯=186/127
2022-9,2022,9,single,盗窃罪,非法侵入住宅罪=136/408 | 抢劫罪=140/424 | 盗窃罪=141/436 | 着手=None/None
2022-10,2022,10,single,犯罪未遂,犯罪未遂=34/126 | 着手=None/None
2022-11,2022,11,single,防卫过当,防卫过当=30/107 | 刑事责任=19/191 | 正当防卫=29/101
2022-12,2022,12,single,没收财产,没收财产=55/206 | 罚金=54/204
2022-13,2022,13,single,走私毒品罪,包庇毒品犯罪分子罪=None/None | 走私毒品罪=167/530
2022-14,2022,14,single,传播淫秽物品罪,传播淫秽物品罪=171/543
2022-15,2022,15,single,犯罪故意,犯罪故意=25/78 | 防卫过当=30/107 | 刑事责任=19/191 | 危害行为=16/45 | 精神病人=None/None | 不可抗力=24/84 | 醉酒=None/296
2022-16,2022,16,single,刑法,
2022-17,2022,17,single,无期徒刑,无期徒刑=52/201 | 有期徒刑=52/201 | 减刑=72/242 | 拘役=52/200 | 立功=66/228 | 死刑=53/202 | 缓刑=70/236 | 刑罚=47/195 | 管制=51/199
2022-18,2022,18,single,盗窃罪,盗窃罪=141/436
2022-19,2022,19,single,,
2022-20,2022,20,single,,
2022-41,2022,41,multi,共同犯罪,共同犯罪=37/139 | 犯罪集团=None/152 | 教唆犯=189/159 | 胁从犯=189/156 | 从犯=39/156 | 主犯=39/153
2022-42,2022,42,multi,遗弃罪,遗弃罪=135/407
2022-43,2022,43,multi,,
2022-44,2022,44,multi,犯罪故意,犯罪故意=25/78 | 量刑=58/213 | 刑罚=47/195
2022-45,2022,45,multi,有期徒刑,有期徒刑=52/201 | 拘役=52/200 | 罚金=54/204
2023-1,2023,1,single,刑法体系,刑法体系=None/None
2023-2,2023,2,single,犯罪中止,犯罪中止=35/130 | 共同犯罪=37/139
2023-3,2023,3,single,正当防卫,正当防卫=29/101
2023-4,2023,4,single,刑事责任,刑事责任=19/191 | 无期徒刑=52/201 | 有期徒刑=52/201 | 追诉时效=80/255 | 死刑=53/202
2023-5,2023,5,single,虐待罪,暴力干涉婚姻自由罪=134/404 | 故意杀人罪=126/370 | 虐待罪=135/405 | 数罪并罚=67/232
2023-6,2023,6,single,共同犯罪,共同犯罪=37/139
2023-7,2023,7,single,犯罪客体,犯罪概念=None/27 | 犯罪客体=14/39 | 犯罪主体=20/65 | 犯罪构成=13/33
2023-8,2023,8,single,强迫交易罪,强迫交易罪=123/366
2023-9,2023,9,single,故意伤害罪,故意伤害罪=127/375 | 盗窃罪=141/436
2023-10,2023,10,single,交通肇事罪,交通肇事罪=95/289
2023-11,2023,11,single,投放危险物质罪,投放危险物质罪=94/280 | 故意伤害罪=127/375 | 刑事责任年龄=20/63 | 刑事责任=19/191 | 死刑=53/202
2023-12,2023,12,single,自首,自首=62/221
2023-13,2023,13,single,刑法的效力,刑法的效力=8/19 | 刑事责任=19/191 | 管制=51/199
2023-14,2023,14,single,洗钱罪,洗钱罪=115/341 | 共同犯罪=37/139
2023-15,2023,15,single,挪用公款罪,挪用公款罪=173/551
2023-16,2023,16,single,开设赌场罪,开设赌场罪=157/500 | 共同犯罪=37/139
2023-17,2023,17,single,行贿罪,行贿罪=176/564
2023-18,2023,18,single,刑法,
2023-19,2023,19,single,袭警罪,袭警罪=149/469 | 管制=51/199
2023-20,2023,20,single,刑事责任,刑事责任=19/191 | 精神病人=None/None
2023-41,2023,41,multi,罪刑法定原则,罪刑法定原则=7/16 | 刑罚=47/195
2023-42,2023,42,multi,赦免,赦免=80/258 | 刑罚=47/195
2023-43,2023,43,multi,负有照护职责人员性侵罪,负有照护职责人员性侵罪=130/385
2023-44,2023,44,multi,诈骗罪,诈骗罪=141/444
2023-45,2023,45,multi,故意伤害罪,故意伤害罪=127/375 | 非法拘禁罪=131/389 | 强奸罪=129/380 | 侮辱罪=130/410 | 数罪并罚=67/232
2024-1,2024,1,single,正当防卫,正当防卫=29/101 | 刑罚=47/195
2024-2,2024,2,single,故意犯罪停止形态,故意犯罪停止形态=188/117 | 实行行为=None/125 | 犯罪预备=33/123 | 着手=None/None
2024-3,2024,3,single,犯罪客体,犯罪概念=None/27 | 犯罪客体=14/39 | 犯罪主体=20/65
2024-4,2024,4,single,诈骗罪,诈骗罪=141/444
2024-5,2024,5,single,无限额罚金,无限额罚金=None/None | 比例罚金=None/None | 倍数罚金=None/None | 限额罚金=None/None | 罚金=54/204
2024-6,2024,6,single,盗窃罪,盗窃罪=141/436
2024-7,2024,7,single,刑事责任,刑事责任=19/191 | 犯罪主体=20/65
2024-8,2024,8,single,抢劫罪,抢劫罪=140/424 | 结果加重犯=None/172
2024-9,2024,9,single,连续犯,连续犯=191/180 | 继续犯=191/167 | 从犯=39/156
2024-10,2024,10,single,破坏交通工具罪,破坏交通工具罪=94/284 | 犯罪既遂=33/119 | 行为犯=186/127 | 结果犯=147/122 | 危险犯=33/127
2024-11,2024,11,single,驱逐出境,驱逐出境=56/None
2024-12,2024,12,single,玩忽职守罪,玩忽职守罪=180/571
2024-13,2024,13,single,故意泄露国家秘密罪,故意泄露国家秘密罪=180/572 | 非法获取国家秘密罪=151/476
2024-14,2024,14,single,共同犯罪,共同犯罪=37/139 | 犯罪集团=None/152 | 主犯=39/153
2024-15,2024,15,single,防卫过当,防卫过当=30/107 | 刑事责任=19/191 | 正当防卫=29/101
2024-16,2024,16,single,利用影响力受贿罪,利用影响力受贿罪=175/561 | 受贿罪=174/554
2024-17,2024,17,single,传播淫秽物品罪,传播淫秽物品罪=171/543
2024-18,2024,18,single,走私毒品罪,走私毒品罪=167/530 | 犯罪既遂=33/119
2024-19,2024,19,single,强奸罪,强奸罪=129/380 | 结果加重犯=None/172
2024-20,2024,20,single,强奸罪,强奸罪=129/380 | 犯罪中止=35/130 | 危害结果=17/51 | 行为犯=186/127
2024-41,2024,41,multi,刑法,
2024-42,2024,42,multi,,
2024-43,2024,43,multi,集资诈骗罪,集资诈骗罪=115/343 | 诈骗罪=141/444
2024-44,2024,44,multi,强奸罪,强奸罪=129/380 | 缓刑=70/236 | 刑罚=47/195
2024-45,2024,45,multi,污染环境罪,污染环境罪=165/524 | 结果加重犯=None/172 | 因果关系=18/54
2025-1,2025,1,single,犯罪主体,犯罪主体=20/65
2025-2,2025,2,single,属地管辖,属地管辖=None/9
2025-3,2025,3,single,故意毁坏财物罪,故意毁坏财物罪=144/459 | 寻衅滋事罪=None/None | 抢劫罪=140/424
2025-4,2025,4,single,单位犯罪,单位犯罪=22/72
2025-5,2025,5,single,故意伤害罪,故意伤害罪=127/375 | 寻衅滋事罪=None/None | 正当防卫=29/101
2025-6,2025,6,single,共同犯罪,共同犯罪=37/139
2025-7,2025,7,single,,
2025-8,2025,8,single,数罪并罚,数罪并罚=67/232
2025-9,2025,9,single,失职致使在押人员脱逃罪,失职致使在押人员脱逃罪=None/None | 私放在押人员罪=182/577 | 徇私枉法罪=None/None | 滥用职权罪=180/569 | 脱逃罪=161/511
2025-10,2025,10,single,侵犯商业秘密罪,侵犯商业秘密罪=121/360 | 假冒注册商标罪=119/356 | 侵犯著作权罪=120/358 | 非法经营罪=123/364
2025-11,2025,11,single,管制,管制=51/199
2025-12,2025,12,single,虐待罪,虐待罪=135/405
2025-13,2025,13,single,,
2025-14,2025,14,single,非法侵入住宅罪,非法侵入住宅罪=136/408 | 强迫交易罪=123/366 | 敲诈勒索罪=143/451
2025-15,2025,15,single,非法侵入计算机信息系统罪,非法侵入计算机信息系统罪=153/482 | 破坏计算机信息系统罪=153/483
2025-16,2025,16,single,,
2025-17,2025,17,single,职务侵占罪,职务侵占罪=143/457 | 侵占罪=142/455 | 诈骗罪=141/444 | 贪污罪=172/546
2025-18,2025,18,single,保险诈骗罪,保险诈骗罪=117/349 | 故意杀人罪=126/370 | 诈骗罪=141/444 | 数罪并罚=67/232
2025-19,2025,19,single,有期徒刑,有期徒刑=52/201 | 重大立功=67/231 | 无期徒刑=52/201 | 死刑=53/202 | 立功=66/228
2025-20,2025,20,single,吸收原则,吸收原则=69/234 | 并科原则=69/234 | 刑罚=47/195 | 减刑=72/242
2025-41,2025,41,multi,正当防卫,正当防卫=29/101 | 紧急避险=30/110 | 胁从犯=189/156 | 从犯=39/156
2025-42,2025,42,multi,犯罪预备,犯罪预备=33/123 | 教唆犯=189/159 | 着手=None/None
2025-43,2025,43,multi,颠覆国家政权罪,颠覆国家政权罪=89/270 | 分裂国家罪=89/268 | 叛逃罪=90/271 | 间谍罪=91/272
2025-44,2025,44,multi,正当防卫,正当防卫=29/101 | 自首=62/221
2025-45,2025,45,multi,内幕信息交易罪,
2026-1,2026,1,single,犯罪概念,犯罪概念=None/27
2026-2,2026,2,single,犯罪中止,犯罪中止=35/130 | 犯罪既遂=33/119 | 共同犯罪=37/139 | 犯罪未遂=34/126
2026-3,2026,3,single,坦白,坦白=66/221
2026-4,2026,4,single,不作为犯罪,不作为犯罪=17/47
2026-5,2026,5,single,侵犯公民个人信息罪,侵犯公民个人信息罪=137/412 | 传播淫秽物品罪=171/543
2026-6,2026,6,single,非法经营罪,非法经营罪=123/364
2026-7,2026,7,single,间谍罪,间谍罪=91/272
2026-8,2026,8,single,特殊防卫,特殊防卫=None/108
2026-9,2026,9,single,以危险方法危害公共安全罪,以危险方法危害公共安全罪=94/282 | 危险驾驶罪=97/296 | 故意伤害罪=127/375
2026-10,2026,10,single,袭警罪,袭警罪=149/469
2026-11,2026,11,single,犯罪构成,犯罪构成=13/33 | 刑事责任=19/191
2026-12,2026,12,single,罪刑法定原则,罪刑法定原则=7/16
2026-13,2026,13,single,合同诈骗罪,合同诈骗罪=122/362 | 职务侵占罪=143/457 | 侵占罪=142/455 | 诈骗罪=141/444
2026-14,2026,14,single,叛逃罪,叛逃罪=90/271 | 刑事责任=19/191 | 犯罪主体=20/65 | 教唆犯=189/159
2026-15,2026,15,single,过失致人死亡罪,过失致人死亡罪=127/374 | 滥用职权罪=180/569 | 玩忽职守罪=180/571
2026-16,2026,16,single,过失致人重伤罪,过失致人重伤罪=None/503 | 寻衅滋事罪=None/None | 故意伤害罪=127/375
2026-17,2026,17,single,非国家工作人员受贿罪,非国家工作人员受贿罪=110/328 | 敲诈勒索罪=143/451 | 强迫交易罪=123/366 | 受贿罪=174/554
2026-18,2026,18,single,招摇撞骗罪,招摇撞骗罪=149/471 | 侵占罪=142/455 | 诈骗罪=141/444
2026-19,2026,19,single,伪证罪,伪证罪=159/503
2026-20,2026,20,single,没收财产,没收财产=55/206
2026-41,2026,41,multi,刑事责任,刑事责任=19/191 | 刑罚=47/195 | 缓刑=70/236
2026-42,2026,42,multi,侵犯著作权罪,侵犯著作权罪=120/358 | 高利转贷罪=112/335 | 盗窃罪=141/436
2026-43,2026,43,multi,串通投标罪,伪造国家机关印章罪=None/None | 串通投标罪=121/361
2026-44,2026,44,multi,非法吸收公众存款罪,非法吸收公众存款罪=112/336 | 集资诈骗罪=115/343 | 洗钱罪=115/341 | 诈骗罪=141/444
2026-45,2026,45,multi,故意伤害罪,故意伤害罪=127/375 | 虐待罪=135/405
